Series Description,"Bank credit, all commercial banks, seasonally adjusted, annual growth rate (break adjusted)","Securities in bank credit, all commercial banks, seasonally adjusted, annual growth rate (break adjusted)","Treasury and agency securities, all commercial banks, seasonally adjusted, annual growth rate (break adjusted)","Other securities, all commercial banks, seasonally adjusted, annual growth rate (break adjusted)","Loans and leases in bank credit, all commercial banks, seasonally adjusted, annual growth rate (break adjusted)","Commercial and industrial loans, all commercial banks, seasonally adjusted, annual growth rate (break adjusted)","Real estate loans, all commercial banks, seasonally adjusted, annual growth rate (break adjusted)","Real estate loans: Residential real estate loans, all commercial banks, seasonally adjusted, annual growth rate (break adjusted)","Real estate loans: Residential real estate loans: Revolving home equity loans, all commercial banks, seasonally adjusted, annual growth rate (break adjusted)","Real estate loans: Residential real estate loans: Closed-end residential loans, all commercial banks, seasonally adjusted, annual growth rate (break adjusted)","Real estate loans: Commercial real estate loans, all commercial banks, seasonally adjusted, annual growth rate (break adjusted)","Consumer loans, all commercial banks, seasonally adjusted, annual growth rate (break adjusted)","Consumer loans: Credit cards and other revolving plans, all commercial banks, seasonally adjusted, annual growth rate (break adjusted)","Consumer loans: Other consumer loans, all commercial banks, seasonally adjusted, annual growth rate (break adjusted)","Other loans and leases: All other loans and leases, all commercial banks, seasonally adjusted, annual growth rate (break adjusted)","LESS: Allowance for loan and lease losses, all commercial banks, seasonally adjusted, annual growth rate (break adjusted)","Cash assets, all commercial banks, seasonally adjusted, annual growth rate (break adjusted)",Total fed funds sold and securities purcased under agreements to resell at all banks,"Loans to commercial banks, all commercial banks, seasonally adjusted, annual growth rate (break adjusted)","Other assets, all commercial banks, seasonally adjusted, annual growth rate (break adjusted)","Total assets, all commercial banks, seasonally adjusted, annual growth rate (break adjusted)","Deposits, all commercial banks, seasonally adjusted, annual growth rate (break adjusted)","Large time deposits, all commercial banks, seasonally adjusted, annual growth rate (break adjusted)","Other deposits, all commercial banks, seasonally adjusted, annual growth rate (break adjusted)","Borrowings, all commercial banks, seasonally adjusted, annual growth rate (break adjusted)","Other liabilities, all commercial banks, seasonally adjusted, annual growth rate (break adjusted)","Total liabilities, all commercial banks, seasonally adjusted, annual growth rate (break adjusted)"
Unit:,Percent:_Per_Year,Percent:_Per_Year,Percent:_Per_Year,Percent:_Per_Year,Percent:_Per_Year,Percent:_Per_Year,Percent:_Per_Year,Percent:_Per_Year,Percent:_Per_Year,Percent:_Per_Year,Percent:_Per_Year,Percent:_Per_Year,Percent:_Per_Year,Percent:_Per_Year,Percent:_Per_Year,Percent:_Per_Year,Percent:_Per_Year,Percent,Percent:_Per_Year,Percent:_Per_Year,Percent:_Per_Year,Percent:_Per_Year,Percent:_Per_Year,Percent:_Per_Year,Percent:_Per_Year,Percent:_Per_Year,Percent:_Per_Year
Multiplier:,1,1,1,1,1,1,1,1,1,1,1,1,1,1,1,1,1,1,1,1,1,1,1,1,1,1,1
Currency:,NA,NA,NA,NA,NA,NA,NA,NA,NA,NA,NA,NA,NA,NA,NA,NA,NA,NA,NA,NA,NA,NA,NA,NA,NA,NA,NA
Unique Identifier: ,H8/H8/B1001NCBCQG,H8/H8/B1002NCBCQG,H8/H8/B1003NCBCQG,H8/H8/B1011NCBCQG,H8/H8/B1020NCBCQG,H8/H8/B1023NCBCQG,H8/H8/B1026NCBCQG,H8/H8/B1221NCBCQG,H8/H8/B1027NCBCQG,H8/H8/B1220NCBCQG,H8/H8/B3219NCBCQG,H8/H8/B1029NCBCQG,H8/H8/B1247NCBCQG,H8/H8/B3248NCBCQG,H8/H8/B3305NCBCQG,H8/H8/B1043NCBCQG,H8/H8/B1048NCBCQG,H8/H8/B3092NCBCQG,H8/H8/B1047NCBCQG,H8/H8/B3053NCBCQG,H8/H8/B1151NCBCQG,H8/H8/B1058NCBCQG,H8/H8/B1072NCBCQG,H8/H8/B1110NCBCQG,H8/H8/B3094NCBCQG,H8/H8/B3095NCBCQG,H8/H8/B1152NCBCQG
Time Period,B1001NCBCQG,B1002NCBCQG,B1003NCBCQG,B1011NCBCQG,B1020NCBCQG,B1023NCBCQG,B1026NCBCQG,B1221NCBCQG,B1027NCBCQG,B1220NCBCQG,B3219NCBCQG,B1029NCBCQG,B1247NCBCQG,B3248NCBCQG,B3305NCBCQG,B1043NCBCQG,B1048NCBCQG,B3092NCBCQG,B1047NCBCQG,B3053NCBCQG,B1151NCBCQG,B1058NCBCQG,B1072NCBCQG,B1110NCBCQG,B3094NCBCQG,B3095NCBCQG,B1152NCBCQG
1947Q2,-2.1,-9.1,-7.6,-20.8,16.4,23.2,31.1,,,,,,,,,,,,,,,,,,,,
1947Q3,5.4,-9.3,-4.7,-65.9,44.5,27.4,28.8,,,,,,,,,,,,,,,,,,,,
1947Q4,0,-1.8,-2.4,5.3,4.2,25.6,23.5,,,,,,,,,,,,,,,,,,,,
1948Q1,-3.6,-11,-11.9,5.2,13.2,19.3,25.4,,,,,,,,,,,,,,,,,,,,
1948Q2,-1,-11.7,-13.5,5.1,21.6,13.8,17.9,,,,,,,,,,,,,,,,,,,,
1948Q3,0.3,-5.1,-5.9,5.1,10.6,2.2,14.3,,,,,,,,,,,,,,,,,,,,
1948Q4,-4.6,-7.5,-7.3,-10,0.7,-4.4,11,,,,,,,,,,,,,,,,,,,,
1949Q1,0.5,-3.2,-3.5,0,7.4,-6.7,8.1,,,,,,,,,,,,,,,,,,,,
1949Q2,5.2,1.6,1.3,5.1,12.3,-11.4,5.3,,,,,,,,,,,,,,,,,,,,
1949Q3,14.1,20.2,19.7,25.3,2.8,-11.7,7.8,,,,,,,,,,,,,,,,,,,,
1949Q4,5,10.8,11.3,9.5,-5.6,-7.2,7.6,,,,,,,,,,,,,,,,,,,,
1950Q1,2.9,0.4,-0.8,9.3,7.1,2.5,12.5,,,,,,,,,,,,,,,,,,,,
1950Q2,2.4,-5.6,-8.1,18.2,18.1,14.6,17,,,,,,,,,,,,,,,,,,,,
1950Q3,3.1,-6.8,-9.1,21.7,20.6,28.2,18.6,,,,,,,,,,,,,,,,,,,,
1950Q4,1.7,-9.6,-11.9,12.4,20.3,39.6,17.8,,,,,,,,,,,,,,,,,,,,
1951Q1,-1,-13.4,-15.8,8,18.1,32,12.8,,,,,,,,,,,,,,,,,,,,
1951Q2,2.2,-8.2,-9.6,3.9,16.1,29.6,10.3,,,,,,,,,,,,,,,,,,,,
1951Q3,7.1,5,4.7,7.8,10.5,17.2,8,,,,,,,,,,,,,,,,,,,,
1951Q4,10.3,14,14.8,7.6,5.9,6.6,7.9,,,,,,,,,,,,,,,,,,,,
1952Q1,3.2,3.2,2.2,11.2,2.7,30.9,0,,,,,,,,,,,,,,,,,,,,
1952Q2,7.7,-3.2,-4.9,10.9,22.2,-6,9.7,,,,,,,,,,,,,,,,,,,,
1952Q3,8.4,10,8.5,21.2,6.5,7.7,7.5,,,,,,,,,,,,,,,,,,,,
1952Q4,5,8.6,8.4,10.1,0.5,15,7.4,,,,,,,,,,,,,,,,,,,,
1953Q1,-3.2,-6.9,-7.8,0,2,5.8,9.1,,,,,,,,,,,,,,,,,,,,
1953Q2,-6.7,-19,-20.2,-9.8,8.3,2.9,7.1,,,,,,,,,,,,,,,,,,,,
1953Q3,13.2,21.5,25,-3.4,3.4,2.8,5.2,,,,,,,,,,,,,,,,,,,,
1953Q4,1.9,9.3,10,3.4,-7.1,-4.2,6.9,,,,,,,,,,,,,,,,,,,,
1954Q1,-0.6,1.9,0.8,10.1,-3.9,-12.8,3.4,,,,,,,,,,,,,,,,,,,,
1954Q2,2.8,-1.5,-3,9.8,8.3,-4.4,6.7,,,,,,,,,,,,,,,,,,,,
1954Q3,13.3,18.8,19.6,12.8,5.7,-4.5,9.9,,,,,,,,,,,,,,,,,,,,
1954Q4,18.4,23.4,25.2,9.3,12.8,3,14.5,,,,,,,,,,,,,,,,,,,,
1955Q1,0,-11.6,-14.9,15.2,15.1,7.5,15.6,,,,,,,,,,,,,,,,,,,,
1955Q2,-1.8,-15.7,-17.9,0,16.3,11.7,13.5,,,,,,,,,,,,,,,,,,,,
1955Q3,1.8,-9.8,-10.8,-2.9,14.8,21.4,14.5,,,,,,,,,,,,,,,,,,,,
1955Q4,4.9,-3.7,-3.9,-2.9,14.3,20.3,9.8,,,,,,,,,,,,,,,,,,,,
1956Q1,1,-12.1,-13.8,-3,14.6,23.2,6.8,,,,,,,,,,,,,,,,,,,,
1956Q2,-0.6,-15.2,-17,0,13.3,28,10.7,,,,,,,,,,,,,,,,,,,,
1956Q3,-1.3,-5.3,-6.1,-3,2.6,18.2,7.8,,,,,,,,,,,,,,,,,,,,
1956Q4,5.2,7,8.5,0,3.7,14.1,6.4,,,,,,,,,,,,,,,,,,,,
1957Q1,-1.5,-4.8,-5.1,0,1.5,7.3,2.5,,,,,,,,,,,,,,,,,,,,
1957Q2,3.3,-1.6,-3.8,9,7.6,10.3,0,,,,,,,,,,,,,,,,,,,,
1957Q3,-0.4,-3.7,-4.8,2.9,2.5,10.1,2.5,,,,,,,,,,,,,,,,,,,,
1957Q4,6.1,9.9,9.1,14.6,2.8,-3.9,1.2,,,,,,,,,,,,,,,,,,,,
1958Q1,21.9,11.3,9.9,22.5,31.1,3,13.7,,,,,5.3,,,,,,,,,,,,,,,
1958Q2,18.5,36.4,38.1,24,3.6,-3.9,6,,,,,-2.6,,,,,,,,,,,,,,,
1958Q3,14.1,23.3,24.7,15.1,5.8,-1,18.9,,,,,2.6,,,,,,,,,,,,,,,
1958Q4,5.7,4.7,3.9,7.3,6.7,6,14.7,,,,,3.9,,,,,,,,,,,,,,,
1959Q1,2.6,-5,-6.3,2.4,9.7,3.9,14.2,,,,,11.7,,,,,,,,,,,,,,,
1959Q2,-0.8,-16,-19.4,7.1,12.5,12.6,12.6,,,,,10.1,,,,,,,,,,,,,,,
1959Q3,1.8,-16.6,-19.2,-2.3,17.4,18.8,10.2,,,,,16,,,,,,,,,,,,,,,
1959Q4,0.3,-11.4,-13.1,-2.3,9.1,8.1,8,,,,,14.2,,,,,,,,,,,,,,,
1960Q1,-2.9,-16.7,-19,-4.7,7.5,10.6,6.8,,,,,9.1,,,,,,,,,,,,,,,
1960Q2,-0.3,-9.5,-10.5,-2.4,6,11.2,1,,,,,6.7,,,,,,,,,,,,,,,
1960Q3,8.1,14.2,16.6,0,4,4.2,-1,,,,,7.7,,,,,,,,,,,,,,,
1960Q4,10.4,21.6,24.9,4.8,2.9,4.1,1.9,,,,,6.5,,,,,,,,,,,,,,,
1961Q1,10.3,13,11.9,18.9,8.4,1.6,2.9,,,,,9.5,,,,,,,,,,,,,,,
1961Q2,4.4,5,3,15.8,3.9,2.4,3.8,,,,,2.1,,,,,,,,,,,,,,,
1961Q3,10,18.9,20.4,13,3.6,4,5.6,,,,,1,,,,,,,,,,,,,,,
1961Q4,10.4,15,15,10.5,7.3,5.6,5.6,,,,,4.1,,,,,,,,,,,,,,,
1962Q1,4.2,0.3,-2.3,16.4,7,6.3,8.2,,,,,8.1,,,,,,,,,,,,,,,
1962Q2,5,-2.6,-9.4,31.5,11,8.6,11.6,,,,,7,,,,,,,,,,,,,,,
1962Q3,6.6,2.3,-2,20.1,9.5,9.1,13.9,,,,,8.8,,,,,,,,,,,,,,,
1962Q4,10.3,7.5,6.9,10.4,12.5,10.4,13.4,,,,,6.7,,,,,,,,,,,,,,,
1963Q1,7.5,3.9,1.6,15.3,9.7,5.1,13,,,,,9.4,,,,,,,,,,,,,,,
1963Q2,4.7,-5.7,-13.1,24.5,12.1,7.9,15,,,,,9.2,,,,,,,,,,,,,,,
1963Q3,6.4,-5.5,-12.3,21.5,14.1,7,15.9,,,,,7.2,,,,,,,,,,,,,,,
1963Q4,9.2,2.9,0.8,8.8,13.4,13.8,10.9,,,,,15.9,,,,,,,,,,,,,,,
1964Q1,5.9,-1,-3.8,8.6,10.2,9.3,12.8,,,,,11,,,,,,,,,,,,,,,
1964Q2,4,-9.1,-15.3,12.6,11.9,9.1,10.3,,,,,11.6,,,,,,,,,,,,,,,
1964Q3,6.3,-0.3,-4.9,12.2,10,10.8,10.1,,,,,14.5,,,,,,,,,,,,,,,
1964Q4,12.5,15.7,17.4,10.5,10.7,14.3,9.8,,,,,12.4,,,,,,,,,,,,,,,
1965Q1,8.4,-1.9,-7.3,14.1,14.2,20.4,10.2,,,,,10.5,,,,,,,,,,,,,,,
1965Q2,6.4,-10.3,-20.1,17.3,15.4,19.4,11.8,,,,,11.7,,,,,,,,,,,,,,,
1965Q3,7.5,-2.3,-9.2,15.4,12.5,16.3,12.1,,,,,13.5,,,,,,,,,,,,,,,
1965Q4,11.9,13.3,16.5,5.7,11,14.6,12.9,,,,,11,,,,,,,,,,,,,,,
1966Q1,6,-2.9,-6.3,6.8,10.6,16.1,11.9,,,,,9.4,,,,,,,,,,,,,,,
1966Q2,5.7,-8.4,-16.1,8.9,12.4,16.5,10.5,,,,,7.2,,,,,,,,,,,,,,,
1966Q3,8.8,4.6,0.5,14.1,10.9,18.6,14.5,,,,,5.1,,,,,,,,,,,,,,,
1966Q4,4.8,8.5,5.3,15.7,3,7.1,6.8,,,,,1.3,,,,,,,,,,,,,,,
1967Q1,11.1,23.1,25.9,17.1,5.8,6.1,4.6,,,,,3.2,,,,,,,,,,,,,,,
1967Q2,5.3,3,-1.8,14.5,6.4,10.8,4.5,,,,,4.4,,,,,,,,,,,,,,,
1967Q3,10.7,16.3,18.7,10.3,8.1,8.8,8,,,,,7.5,,,,,,,,,,,,,,,
1967Q4,13.1,24.6,30.6,10.9,7.7,6.2,10.3,,,,,8.5,,,,,,,,,,,,,,,
1968Q1,7,3.5,-1.2,15.9,8.7,8.5,11,,,,,8.4,,,,,,,,,,,,,,,
1968Q2,4.2,-5.7,-13.5,11.1,8.9,10.7,11.1,,,,,8.8,,,,,,,,,,,,,,,
1968Q3,11.5,10.7,8.6,14.9,11.9,10.4,8.6,,,,,10.9,,,,,,,,,,,,,,,
1968Q4,15.5,21.1,20.5,22.4,12.7,13.5,11.1,,,,,13.9,,,,,,,,,,,,,,,
1969Q1,3.5,-10.2,-20.2,8.3,10.2,15.6,12.5,,,,,11.3,,,,,,,,,,,,,,,
1969Q2,3.1,-15.6,-27.3,6.7,11.6,14.3,7.9,,,,,9.9,,,,,,,,,,,,,,,
1969Q3,-2.4,-13,-15.1,-9.5,2.1,6.4,3.7,,,,,5.1,,,,,,,,,,,,,,,
1969Q4,3.4,-0.6,1.3,-3,4.9,7.3,4.9,,,,,5.5,,,,,,,,,,,,,,,
1970Q1,0.9,-4.8,-9.8,3,3.3,1.6,4.8,,,,,5,,,,,,,,,,,,,,,
1970Q2,5.1,8.8,1.8,20.1,3.5,1.3,1.6,,,,,2,,,,,,,,,,,,,,,
1970Q3,9.7,16.1,19.2,10.7,7.3,8.7,2,,,,,4.9,,,,,,,,,,,,,,,
1970Q4,14.5,33.4,40,23.5,6.7,7,5.1,,,,,3.9,,,,,,,,,,,,,,,
1971Q1,13.4,27.8,27.7,27.5,7.1,4.7,7,,,,,6.2,,,,,,,,,,,,,,,
1971Q2,9.7,5.8,-6.7,26.9,11.7,4.6,10.7,,,,,10.8,,,,,,,,,,,,,,,
1971Q3,9.1,3.4,-1.9,11.5,11.4,8.5,15.6,,,,,10.6,,,,,,,,,,,,,,,
1971Q4,12.7,16,17.4,13.4,11.4,6.9,13.2,,,,,13,,,,,,,,,,,,,,,
1972Q1,12.7,14.3,14.1,15.1,11.9,4.1,16.6,,,,,13.4,,,,,,,,,,,,,,,
1972Q2,13.1,4.4,-2.4,14.5,17.1,11.9,19.3,,,,,15.1,,,,,,,,,,,,,,,
1972Q3,9.7,-2.7,-10.2,8,15.1,10.4,19.3,,,,,15.3,,,,,,,,,,,,,,,
1972Q4,16.9,13.3,18.8,6.4,18.4,16.7,18.4,,,,,14.4,,,,,,,,,,,,,,,
1973Q1,17.4,6.4,13.1,-3.4,22,27.9,19.6,,,,,16.5,,,,,,,,,,,,,,,
1973Q2,13.6,-7.1,-17.7,8.3,21.8,27.6,20.6,,,,,17.3,,,19.4,,4.8,,83.3,27.4,14.3,12,37.7,,96.1,44.2,14.8
1973Q3,12.5,0.4,-7.7,11.5,17,18.9,18.8,,,,,11.7,,,16,,17.6,,41.4,19.4,14.3,11.4,30.4,,85.9,15.7,13.1
1973Q4,12.4,19.2,30.3,4.6,10,7,17.3,,,,,9.7,,,4.9,,17.3,,21.9,17.8,13.7,12.4,4.7,,12.1,22.2,12.8
1974Q1,11.8,13.7,18.2,7.3,11,13.4,13.7,,,,,8.2,,,5.6,,14.6,,29.6,2.8,13.5,7.1,13.8,,5,7.6,6.9
1974Q2,13.9,-3.2,-14.9,13.5,20.2,28.9,14.6,,,,,6.4,,,29.6,,6.9,,30.3,27.5,13.8,14.8,34.5,,51.2,25.3,16.4
1974Q3,7.6,-6.8,-18.8,9.2,12.7,19.1,10.3,,,,,3.2,,,15.8,,0.7,,25.6,47.4,9.3,7.3,26.9,,48.4,44.9,9.9
1974Q4,4.4,5.5,7.6,2.6,4.1,8.6,5.7,,,,,0,,,-2.5,,6.3,,-65.1,34.2,6.4,10.6,8.9,,15.7,37.2,12
1975Q1,2.1,14.5,24.1,3,-2,-0.9,4.1,,,,,-0.9,,,-15.6,,-9.2,,-48.9,5.4,1.2,0.1,6.1,,-23.9,-18.1,-2.4
1975Q2,5,27.2,48,0,-2.6,-8.4,2.3,,,,,-2.5,,,0.4,,11.7,,-9.8,17.1,5.7,8.2,4.6,,8,-2.3,7.3
1975Q3,4.3,18.5,28.3,4.2,-1,-6.3,0,,,,,1.3,,,5.2,,-6.2,,23.5,1,2.2,2.5,-2.3,,-11.8,3.8,2.1
1975Q4,7.8,20.2,29.6,5.4,3,-0.8,4,,,,,7.2,,,3.6,,7.4,,-3.2,20.5,8.2,9.9,-4.1,,28.4,-3.8,9.7
1976Q1,4.9,13,25.1,-7,1.7,-3.4,5.4,,,,,8.7,,,-3.3,,9.1,,-6.4,-7.3,4.6,1.5,-7,,-13.9,-17.6,-0.3
1976Q2,7.9,11.7,16.6,2.9,6.1,-6.7,10.5,,,,,9.4,,,19.3,,5,,22.8,-63,4.7,6.4,0,,3.9,-81.4,2.1
1976Q3,5.8,1.6,-2.7,9.5,7.6,3.7,7.9,,,,,10.1,,,11.1,,4.9,,-9.2,15.3,6.8,4.9,0.9,,1.3,0,4.2
1976Q4,12.9,17.7,24.6,5.3,10.9,8.7,9.7,,,,,11,,,16.9,,13.9,,-3.1,15.3,13.9,11.9,-10.1,,33.5,0,12
1977Q1,9.6,12.1,20.6,-4,8.5,7.8,11.6,,,,,14.6,,,-2.6,,-2.7,,0,15.8,8.3,5.2,8.5,,29.8,15,6
1977Q2,11.4,5.4,0.6,14.9,14,9.5,17.4,,,,,17.9,,,11.4,,13.2,,54,-6.8,11.1,11.9,14.7,,28.8,35.7,13.1
1977Q3,9.4,-4.3,-11.9,10.5,15,11.1,18.5,,,,,17.1,,,13.3,,15.1,,22.4,-8.6,9.5,9.2,11.9,,10.3,8.9,9.1
1977Q4,11.5,2,-2.7,10.6,15.3,11.6,18.2,,,,,16.7,,,14.8,,8.2,,39.7,15.3,12.4,13.6,11.1,,33.2,5.2,13.9
1978Q1,10.7,2.7,6.5,-4.1,13.8,14.4,17.2,,,,,17.2,,,2.4,,6.5,,-12,15.8,9.8,7.8,23.7,,33.5,16.3,8.4
1978Q2,14.3,5.3,3.7,8.6,17.6,18.5,18.9,,,,,19.2,,,11.5,,16.7,,29.8,32.9,15.7,13.7,27.3,,53.2,63.4,17.6
1978Q3,12.3,-2.2,-5.3,2.9,17.5,14.4,20.3,,,,,21.4,,,13.2,,10.5,,34.7,8.9,10.9,8.8,14.1,,14.4,36.9,10.7
1978Q4,14.1,2.4,-0.8,8,18.2,11.7,19.9,,,,,14.7,,,31.3,,14.8,,102.1,21.1,15.8,11.6,12.9,,88.5,43.6,16.6
1979Q1,7.1,-2.6,-14.7,18.1,10.3,13.8,7.8,,,,,7.6,,,12.3,,57.4,,-20.3,-21.3,9.6,2.4,14.1,,879.6,84.5,52.2
1979Q2,15.7,9.6,11,7.5,17.7,24.2,14.2,,,,,18.5,,,12.2,,-4.6,,66.1,51.4,17.6,4.1,0.5,,41.9,93.9,16.3
1979Q3,14.8,5.7,3.4,9.4,17.7,18.6,19.7,,,,,13.5,,,17.4,,23.3,,0,31.3,18.2,10.9,11.7,,41.8,22.4,16.7
1979Q4,7.7,7.4,10.4,2.6,7.7,9.4,15.3,,,,,6,,,-7.4,,22.3,,65.9,33.2,11.1,11.2,15.2,,5.8,26,11.1
1980Q1,7.1,2.6,1.8,3.9,8.5,11.1,13.2,,,,,4.5,,,-0.2,,1.1,,26.3,33.4,7.9,6.2,14.5,,12.8,19.5,7.3
1980Q2,4.4,10.3,8.7,12.9,2.6,4,7.8,,,,,-7.4,,,2.4,,-4.3,,29.6,42.4,8,5.5,19.1,,18.7,17.6,7
1980Q3,7,20.2,25.1,12.1,3,4.3,5.7,,,,,-6.7,,,7.5,,3.9,,3.4,24.1,9.6,8,3.6,,33.3,20.1,11.8
1980Q4,12.3,12.2,16.2,6.3,12.3,20.4,8.9,,,,,-0.7,,,20.3,,26.7,,50.1,-12.9,13,17.6,22.9,,7.9,16.1,15.9
1981Q1,8.2,9.5,13.8,2.1,7.8,8.5,7.3,,,,,1.3,,,14.9,,6.5,,60.8,10.2,9.9,10.2,36.7,,9.5,25.7,10.6
1981Q2,8.2,6.7,8.8,3,8.7,13.3,8.5,,,,,2.9,,,6.8,,25.2,,56.3,28.2,11.8,10.4,18.2,,19.5,6.3,11.2
1981Q3,7.6,1,1.4,0.6,9.7,15,8.5,,,,,2.5,,,10.4,,17.3,,51.6,20.4,9.3,8.1,17.6,,1.7,-5.7,6.6
1981Q4,4,0.3,-6.4,11.4,5.2,12.2,6.8,,,,,0.7,,,-6.5,,-59.6,,9.6,34.9,0.3,-5.3,7.7,,31.2,-1.6,0.7
1982Q1,3.6,0.9,3.8,-3.4,4.4,16.7,8.1,,,,,2,,,-25.4,,2.8,,1.3,15.1,5.3,7,14.9,,21,-11.5,11.8
1982Q2,9.3,7.5,7.1,7.8,9.9,18.1,8.1,,,,,3.9,,,2.6,,-9.1,,-21.9,15,7.3,7.9,14.8,,4.1,9.9,7.7
1982Q3,5.9,5.2,7.7,1.1,6.1,11.9,3.3,,,,,2.3,,,3.3,,18.3,,20.4,22.2,9.4,10.7,14.4,,6.1,11.6,9.5
1982Q4,6.5,15,22.4,2.3,3.9,5.3,2.1,,,,,2.3,,,6.5,,23.1,,-2.7,13.9,8.2,9.7,-0.7,,12.5,13.7,10.5
1983Q1,7.8,22.5,30.5,8.1,3.2,1.6,4.3,,,,,3.3,,,4.5,,10.9,,-17.5,15.4,7.5,11.3,-21.7,,9,-3.9,9.3
1983Q2,10.5,29.5,39,11.5,4.4,-0.5,5.8,,,,,7.7,,,8.4,,1.3,,-20.4,-19.2,5.3,7.4,-11.8,,-1.1,-18.9,4.5
1983Q3,9.6,10.9,12.5,8,9.2,8,10.3,,,,,14.9,,,2.5,,1.3,,-4.5,8.9,8.4,5.8,-2,,7.7,18.4,6.9
1983Q4,11.7,14,21.7,-2.1,10.9,9.1,11.2,,,,,19.6,,,3.9,,-1.3,,15.8,7,9.1,7.3,3.7,,4.5,22.9,8.2
1984Q1,9.7,6.1,4,10.8,11,13.2,12.4,,,,,16.3,,,-4.5,,5.9,,8.7,-11.2,8.4,7.1,-6,,8.1,3.5,6.8
1984Q2,11.6,0.6,-1.1,4.1,15.3,20.7,12.9,,,,,18.9,,,2.9,,-2,,34.6,26.1,12.4,10.2,17.8,,10.2,24.9,11.6
1984Q3,8.8,-2,-2.9,-0.3,12.4,12.4,11.4,,,,,17.3,,,8,,-1.3,,-15.6,5.6,7,8.3,11.2,,9.5,2.3,7.9
1984Q4,8.8,1.2,2.4,-1.3,11.3,9.5,11.1,,,,,16.6,,,8.4,,0,,-14.2,-2,6.8,7.8,3.8,,6.9,0.7,7.5
1985Q1,9.2,6.4,10.9,-3.3,10,5.1,10,,,,,19.6,,,8.8,,6.2,,37.2,2.9,8,8.7,6.6,,-10.3,14.5,5.9
1985Q2,-2.6,-20.1,-27.1,-4.9,2.9,2.9,-9.4,,,,,18.2,,,10.8,,16.7,,-52,-31.8,-3.3,4.6,-14,,-45.5,30,-4.6
1985Q3,8.8,4.3,-2.8,18.9,10.2,7.8,10.6,,,,,15.4,,,7.1,,4.4,,-5.9,-0.6,7,7.8,-0.3,,16.1,2.1,8.2
1985Q4,9,10.6,-8.3,47.8,8.6,4.4,12.6,,,,,10.8,,,6.2,,10.2,,6.7,-1.5,9,8.7,8.5,,29.8,-16.9,10.4
1986Q1,12.5,23.8,8.1,50.7,9.2,4.3,12.6,,,,,6.9,,,17,,1.5,,-9.6,2.3,10.6,6.1,8.6,,20.2,2.4,10.1
1986Q2,7,6.1,11.6,-2.6,7.3,5.1,11.8,,,,,6.4,,,2.8,,15.4,,34.7,-2.5,6.7,7.8,-7.2,,7.8,0,6.3
1986Q3,11.3,23.1,21.3,25.9,7.8,4.6,13.7,,,,,8.1,,,0.5,,10.7,,27.1,-12.2,9.4,10.2,3.4,,20.5,-2.3,9.8
1986Q4,9.6,11.8,17.1,3.3,8.9,8.7,14.5,,,,,6.7,,,-1,,15.7,,19.5,-6.8,8.9,9.7,1.7,,10.5,-4.5,9.2
1987Q1,11.6,8.6,16,-3.5,12.6,15.8,21.7,,,,,2.7,,,-4.3,,0.9,,57.1,18.3,11.9,5.8,6.7,,19.5,13.9,10.6
1987Q2,7.5,7.3,3.6,13.6,7.6,2.1,17.4,,,,,0.9,,,5.6,,2,,30.9,15.6,6.9,5.1,17.2,,1.4,11.5,6.3
1987Q3,5.9,7.4,11.8,0.2,5.4,2.6,17,,,,,2.6,,,-16.3,,-7.6,,3,9,2.2,2.2,8.6,,3.9,-11,3.7
1987Q4,7.6,4.7,8.1,-1.3,8.4,5.1,15.7,,50.8,,,6.5,,,-1.8,,-4.7,,-4,11.5,6.5,4.3,14.5,,4.2,16.6,5.9
1988Q1,7.9,8.5,8.5,8.5,7.8,3.6,11.1,,38.2,,,13.3,,,-1.3,,5.4,,2.5,-8.9,5.7,4.8,7.7,,18.1,-11.7,5.4
1988Q2,9.7,10.7,11.8,8.6,9.4,10,14.1,,27.4,,,4.3,,,1.4,,5.1,,7.5,5.5,9.6,7.6,4.8,,20.1,5.4,9.8
1988Q3,7.5,2.2,3.9,-1,9.2,7.3,14.3,,29.6,,,6.3,,,2.3,,3.4,,3.4,10.1,6.6,5.9,11.1,,-1.5,7.8,5.3
1988Q4,6.1,2.8,7.5,-5.7,7.1,4.3,13.1,,34,,,5.6,,,-3.4,,-2.6,,-6.8,15.6,5.3,5.9,14.4,,2.6,6.4,5
1989Q1,5.4,0.2,8.3,-15.3,7,7.4,15.3,,27.1,,,4.7,,,-20.8,,0.6,,-20.4,16.4,6.4,5.9,12.5,,9.5,1.2,6.1
1989Q2,7.5,4.7,15.2,-16.1,8.4,6,12.3,,24.6,,,4.9,,,8,,-13,,15.7,16.5,5.6,3.3,13.1,,12,13.4,5.3
1989Q3,8.7,2,8.2,-11.4,10.6,7.4,15.2,,23.2,,,4.9,,,13.4,,7.4,,35.8,4.2,8.6,6.1,6,,13.7,6.1,8.2
1989Q4,8.4,12.4,18.7,-2.2,7.2,2.7,13.6,,19.1,,,5,,,-0.4,,2.8,,7.4,3.2,6.8,6.9,1.4,,11.1,1.5,7.2
1990Q1,7.1,15.5,24.3,-5.1,4.6,-1.1,11.9,,20.2,,,3.6,,,-6.9,,0.3,,41.8,9,7.2,4.9,-4.3,,5.7,3.2,5.7
1990Q2,5.9,6.9,12,-6.2,5.6,2.3,12.3,,19.9,,,-0.8,,,-1.3,,-1.4,,3.3,2.2,5.4,3.9,-3.9,,9,-12.1,5.3
1990Q3,4.7,8.8,13.4,-3.6,3.4,-0.7,9,,22.6,,,-2.2,,,2.4,,-5.4,,4.5,13.4,6.9,4.7,-5.3,,16.2,12.8,7.1
1990Q4,3.1,3.6,6.4,-4.5,2.9,-0.7,6.3,,20.8,,,1.8,,,1.3,,-18.2,,2.8,4.7,0,0.4,-9.7,,-11.4,3.9,-1.1
1991Q1,2.1,7.6,8.1,6.2,0.5,-2.8,6.2,,14.9,,,-4.6,,,-6.2,,-9.7,,-58.1,14.5,0.2,6.5,9.6,,-37,14.9,-1.5
1991Q2,3.5,13.1,17,2,0.6,-5.2,4.7,,13.3,,,-0.3,,,0.6,,6.7,,-70.3,-4.4,1.5,6.6,0.9,,-17.6,-7.1,0.4
1991Q3,1.8,15.8,22.4,-3.6,-2.7,-5.8,-0.3,,9.2,,,-1.7,,,-6.5,,-0.8,,-35.2,-3.5,0.9,4,-5,,-4.3,-27,0.2
1991Q4,6.5,23.6,30.9,0.2,0.7,-1.9,0.7,,10.5,,,-0.1,,,10.7,,2.5,,-21.2,14.7,6.5,2,-12.1,,16.3,0.8,6
1992Q1,4.8,16,20.3,1.6,0.8,-6.4,2.8,,6.8,,,3.1,,,9.4,,2.6,,10.5,-19.8,5.1,4,-13.1,,13.1,-8.3,4.7
1992Q2,2.3,9.2,13.6,-6.7,-0.3,-5.4,2.6,,4.8,,,0.7,,,-0.5,,-7.7,,-9,0.9,0.7,-1,-19.1,,-7.5,4.5,-0.3
1992Q3,4.2,16.2,21.2,-2.9,-0.4,-3.2,0.9,,5.2,,,0.8,,,-0.7,,0.5,,-73.4,12.6,2.3,-0.3,-11.4,,0.4,15,0.9
1992Q4,5,12.2,15.9,-2.5,2.1,-1.1,3.7,,4.2,,,0.6,,,6.8,,0.8,,1.6,1.2,4.7,2.2,-17.3,,4.7,7.7,3.5
1993Q1,4,9.5,11.7,0.4,1.7,-2.2,1,,4.2,,,8.8,,,2.5,,-4.2,,-47.2,-0.8,1.8,-0.8,-13.8,,1.6,7.2,0.9
1993Q2,6.6,14.9,15.8,10.9,3.2,-3.5,4.6,,4.6,,,8.6,,,5.3,,10.3,,4.5,10.7,7.5,3.6,-5.6,,6.4,14.7,6.4
1993Q3,5,4.3,4.7,3.1,5.3,-0.9,5.1,,-4.5,,,11.5,,,11.3,,15.8,,6.3,0.9,6.3,1.3,-15,,10.1,-11.7,5.2
1993Q4,4,2.8,4.5,-4.5,4.4,-1.8,5.9,,-6,,,12.2,,,-1.2,,-6.2,,19.4,-5.1,2.8,0.5,-7.9,,8.1,-11.2,1.5
1994Q1,6.4,7.2,9.2,-1.8,6,4.4,5.3,,-2.8,,,12.1,,,1,,1.3,,27.8,46.6,8.4,-0.3,-6.5,,13.2,62.5,7.4
1994Q2,7,6.6,5.8,10.3,7.2,9.9,5,,1.9,,,15.2,,,-6.4,,-7.8,,15,5.2,5.6,-1.9,-4.1,,18.6,19.5,6
1994Q3,6.9,-1.2,-2.3,4,10.3,10.9,8.2,,3.7,,,17.6,,,2.9,,-11.7,,85.8,12.4,7.6,1.2,9.5,,20.6,14.5,6.7
1994Q4,5.4,-8.8,-11,1,11.2,10.8,9.5,,4.6,,,16,,,10.1,,-2.4,,85.6,-0.7,5.4,0.6,15,,13.7,-11.2,3.9
1995Q1,6.6,-7.5,-5.2,-17.4,12.1,15.6,10.9,,4.1,,,11.6,,,9.3,,9.8,,68,17.7,8.9,2.1,17.1,,18.7,20.6,8.4
1995Q2,12,13.8,-2.5,87,11.4,11.9,9.8,,5.9,,,12.1,,,16.4,,-4.6,,40,30,13.4,3.7,19.7,,16.4,96.7,12.2
1995Q3,7.9,-0.1,0,-0.2,10.9,10,9.6,,6.7,,,9.9,,,22.8,,9,,32.8,-4,8.2,7.9,15.7,,15.9,-3.6,8
1995Q4,4.2,-0.6,0.9,-6.1,6,5.1,4.3,,3.5,,,4.7,,,19.5,,7,,-3.3,8.3,4.8,3.1,7.1,,-2.4,-3.9,3.6
1996Q1,7.5,-1.2,-3.5,7.6,10.7,7.2,4.5,,5.2,,,24.6,,,19.1,,1.9,,15.7,11.2,7.7,5.4,6.7,,16.1,8.6,8.1
1996Q2,7.3,1.2,-2.4,14.4,9.4,6.8,3.9,,2.1,,,21.3,,,15.2,,-3.7,,19.7,-4.1,6,4.8,17.4,,18.5,4.3,6.1
1996Q3,4.4,-0.5,0.3,-3.6,6,7.2,4.9,,4.3,,,3.7,,,13.3,,4.2,,50.9,-2.7,3.9,4.6,19.2,,10.1,-18.2,4
1996Q4,7.8,0.3,1.3,-3.1,10.3,11.4,9,,14.4,,,9.3,,,15,,10.2,,1.2,1.9,6.7,8.9,34.5,,12.2,6.5,6.6
1997Q1,7.6,3.3,-0.1,15.5,9,8.7,8.6,,13.5,,,6,,,18.2,,3.1,,-12.1,48.3,10.3,7.3,24.7,,22.7,29.4,11.3
1997Q2,9.9,10.7,9.7,14.4,9.6,10.2,9,,14.6,,,5.9,,,18.6,,17.6,,22.4,3.7,9.9,6.7,24,,22.3,1.1,9.9
1997Q3,8.7,6.5,6.2,7.4,9.4,7.8,11.8,,19.4,,,5.4,,,11.8,,16.1,,-50.5,14,8,10.3,33.2,,16.1,8,9.7
1997Q4,8.6,17.2,15.6,22.3,5.8,8.4,6.1,,10.5,,,0.5,,,9.4,,14.9,,-10.1,8.2,9.7,7.9,14.7,,21.2,-10.4,9
1998Q1,12.8,19.3,16,30.3,10.7,10.6,7.4,,6.4,,,9.4,,,26.6,,2.1,,22.9,9.4,12.7,7.4,14.8,,18.7,28.7,12.5
1998Q2,7.6,2.9,-2.1,19,9.2,8.4,8.3,,-1,,,7,,,18.5,,-12,,35.4,11.4,7.7,6.4,8.1,,18.5,-20.1,7.3
1998Q3,7,6.7,1.2,23.6,7.1,12.7,1.3,,-1.4,,,5.2,,,19.9,,-6.5,,19,16.6,8.5,4.7,6.6,,10.4,33.8,9.2
1998Q4,11.3,15.5,9.5,32.7,9.9,14.7,8.6,,-4.2,,,4.7,,,13.4,,-9.3,,-52.6,19.7,11.3,8.1,15.1,,20.7,20.8,12.1
1999Q1,2.2,2.8,6.3,-6.7,2,0.5,5.6,,-2.8,,,1.7,,,-6.7,,11.1,,25.2,-11.9,0.6,3.5,3.9,,4.2,-27.3,0.1
1999Q2,3.2,2.5,3,0.9,3.4,2.1,3,,3.6,,,4.9,,,5.4,,5.8,,64.8,-12,2.3,2.1,0.9,,6,-24.3,1.8
1999Q3,6.9,6.2,3.2,14.8,7.1,9.4,10,,-2.5,,,5.3,,,-5.5,,-4.2,,-29.2,14.6,5.3,2.7,6.6,,15.1,17,6.8
1999Q4,8.6,6.3,1.2,20.2,9.4,10.2,13.4,,10,,,6.3,,,-2.3,,21.9,,101.2,6.9,10.4,7.7,37.9,,7.3,41.7,8.6
2000Q1,9.2,3.2,4.2,0.5,11.2,9.3,15.7,,28.5,,,8.5,,,3.5,,7.1,,21.2,25.8,11,7.7,22.3,,17.6,23.6,11
2000Q2,10.3,5,-0.9,20.6,12.1,13.9,17.5,,21.7,,,5.1,,,-2.1,,3.6,,-3.3,23.1,11.5,7.9,11.9,,9.5,32.5,11.9
2000Q3,7.8,6.3,-1,24.6,8.3,8.4,14.3,,23.4,,,-0.3,,,-1.6,,-10.5,,45.3,8.3,8.1,8.8,17.8,,4.2,6.1,8
2000Q4,2.6,-5.5,-12.3,10.8,5.2,3.7,4.3,,21.5,,,8.3,10.8,5.1,7.1,,-6,,20.2,14.1,4.7,4.6,2.5,,-0.5,9.2,3.5
2001Q1,6,5,-7.3,32.4,6.3,4.3,6.3,,15.2,,,7.8,12.7,1.4,8.4,,7.1,,0.4,24,9,9.8,7.5,,13.7,36.8,10.3
2001Q2,4.3,4.5,-3,19.7,4.3,-4.2,9.4,,12.7,,,7.3,9.9,3.9,-2.6,,-11.5,,-24.9,16.2,4.7,9.3,6.9,,-2.2,14.2,4
2001Q3,3.6,11.6,11.9,11,1.1,-8,3.9,,18.5,,,6,9.5,1.2,2.2,,30.2,,5.8,18.7,7.4,9,-1.9,,4.6,5.3,7
2001Q4,3.2,13.6,18,5.3,-0.1,-10.3,4.7,,27.6,,,4.5,9.7,-2.8,-4.9,,1.7,,27.4,28.8,4,7.2,8.1,,-1.1,-7,2.1
2002Q1,2,9,1.7,23.4,-0.3,-7.9,5.1,,28.5,,,1.9,2.2,1.7,-11.8,,-2.3,,-19.3,-21.5,-1.9,8.3,10.9,,-4.7,-40.8,-1.2
2002Q2,3,9.2,14.8,-1.2,0.9,-9.1,5.1,,36.5,,,6.8,12.8,-2,-6.9,,3.7,,61.3,-11,3.1,2.6,8.2,,-1.8,25,1.4
2002Q3,8.4,13.3,27.3,-13.9,6.8,-8.1,16.3,,35.4,,,5,3.9,6.6,-0.5,,12.1,,26.2,23.7,11,7.5,4,,15.7,68.6,11.8
2002Q4,16.5,23.4,31.8,5,14.1,-4.3,27.1,,30.2,,,8.9,5.8,13.4,2.1,,3.8,,27.6,18.2,17.3,10.2,-3.4,,27.6,11.7,16.6
2003Q1,12.5,16.2,20,7.4,11.2,-7.2,21.3,,26.7,,,14.3,17.6,9.6,-8.6,,-0.6,,-84.2,19,9.9,6.1,1.9,,7.9,22.3,9.7
2003Q2,10.7,16.2,22.9,0.3,8.7,-7.5,14.3,,27.1,,,5.2,5,5.4,22.7,,5.9,,-6.6,14.5,11.9,8.2,-4.4,,16.3,2.6,10.1
2003Q3,3.4,-5.8,-16.4,20.8,6.8,-12.1,16.7,,26.3,,,1.1,0.3,2.4,4.5,,9.2,,-25.8,8.5,3.6,9.8,-1.1,,-2,-10.3,4.4
2003Q4,-3.2,4.3,9.1,-6.6,-5.9,-12.3,-4.5,,30.5,,,0.8,1.1,0.4,-16,,-16.9,,32.1,-1.5,-3.4,-0.1,-1.5,,-18.5,-6.7,-5
2004Q1,6.6,17.5,21.2,8.5,2.6,-9.5,5.4,,42.5,,,3.7,5.1,1.6,8.3,,8.5,,67.4,4,8.5,9.8,15.8,,12.2,5.5,8.2
2004Q2,10.6,7.1,8.7,3.2,12,-2.1,19.4,,38.6,,,5.2,7.9,1.3,10.7,,14.6,,74,8.7,10.8,14.6,21.7,,4.7,-36.7,8.1
2004Q3,5.9,1.8,-1.3,9.4,7.4,7.8,8.1,,36.6,,,2.2,4.6,-1.4,14.6,,-6.3,,10.1,24.1,9.8,9.4,24.5,,10.2,14.5,10.4
2004Q4,8.5,2.6,-7.1,26.1,10.7,6.7,15.3,15.3,39.7,8.6,15.3,1.6,3.4,-1,9.8,,-7.5,,-60.9,10.4,4.8,8.6,9.4,,-2.8,7.6,4
2005Q1,12.9,16.8,15.4,19.9,11.5,14.3,13.8,13.3,20.3,11.2,14.8,3.5,6.8,-1.6,8.6,,5.8,,-137.2,-1.1,5.4,7.9,19.7,,-10.2,16.2,5.2
2005Q2,9.1,2.6,-6.8,23.3,11.5,14.8,15.3,15.7,18.2,14.9,14.8,0.4,1.2,-0.8,4.2,,0.7,,23.7,6.6,9.4,7,18.1,,5.3,13.3,7.2
2005Q3,10.4,1.7,-4.8,15.1,13.6,10.9,17.6,17.4,13.9,18.4,18.1,3.9,1.4,7.8,13.1,,5.2,,-4.5,3.1,8.5,10.4,19,,5.8,-4.1,9.3
2005Q4,6.7,-3.2,-4.9,0.1,10.2,11.5,10.9,7.7,2.3,9.4,16.3,2.7,2.7,3,18.1,,-4.1,,-10.5,13.3,7.1,8,16,,8.3,5.6,7.5
2006Q1,8.1,3.6,-0.4,11.3,9.7,13.2,10,6.7,3.2,7.8,15.5,2.2,2.7,1.3,15.7,,-6,,25.1,9.5,8.4,7.5,19.8,,18.1,-4.5,7.9
2006Q2,10.8,10.7,11.2,9.7,10.9,16.7,10.9,8.7,1.3,10.9,14.5,5.3,4.5,6.7,10,,-14.9,,-38,31.4,11.6,8.2,25.1,,8.3,42.5,12.4
2006Q3,9,2.4,2.6,2.1,11.2,17.9,11.1,9.7,2.1,11.9,13.4,6,7.3,4.1,7.9,,-6.5,,-14.9,6,7.6,6.8,18.7,,8.4,8.6,8
2006Q4,5.6,-1.7,-7.5,9.4,8,7.8,8.3,6.6,0.4,8.4,10.9,5.8,4.8,7.3,11.3,,10.8,,34.5,1.6,7.5,6.5,12.7,,18.6,-0.3,6.4
2007Q1,7.4,6.1,-2.9,22.3,7.9,11.1,7.7,7.3,3.1,8.4,8.3,4.9,3.6,6.8,7.9,,3,,52,2.5,8.6,7.8,5,,12.1,4.1,8.6
2007Q2,7.4,4.7,-5.3,21.7,8.2,12.8,7.4,7.1,1.9,8.5,7.9,4.9,7,1.6,10.2,,-11.6,,-15.1,14.9,7.9,9.2,7.3,,9.7,22,9.6
2007Q3,9.8,6.8,-2.4,21.3,10.7,18.8,6.8,5.8,6.1,5.7,8.4,5.1,6.6,2.7,29.5,,-3.8,,-13.7,16,10.5,6.1,10.6,,19.5,4.2,12.1
2007Q4,9.5,6.1,-13.2,35,10.6,24.5,5.6,3.1,11.2,0.9,9.6,6.3,8.3,2.9,19.8,,13.1,,0,33.3,12.6,11.7,36.2,,10.8,30,12.6
2008Q1,5.6,-5.2,-6.8,-3,8.9,17.9,4.5,0.5,9.9,-2,10.6,6,6.6,5,20.9,,6,,15.6,35.4,9.4,7.5,15.2,,10.2,31.7,8.9
2008Q2,2.8,1.8,-1.7,6.4,3.1,11.5,0.5,-4.5,12.3,-9.2,8.1,7.6,5.6,10.7,-6.6,,-2.2,,2.8,-0.5,0.4,4.2,3.6,,10.4,-28.8,1.8
2008Q3,-0.6,-2.1,5.4,-11.9,-0.1,7.8,-4.6,-10.7,13,-17.7,4.2,4.9,4,6.6,0.3,,22,,-58.8,1.5,-0.8,5.1,0.6,,7.5,-14.5,3.1
2008Q4,2.4,-2.1,10.3,-18.9,3.8,13.9,-1.3,-4.2,12.3,-9.4,2.8,1.5,1.2,1.9,14.6,,567.6,,-23.2,68.4,20.5,4.3,-29.1,,16,64.2,25.4
2009Q1,-4.1,-1,9,-15.5,-5,-12.1,-1.6,-2.2,8.6,-5.9,-0.8,5.4,3.9,7.8,-25.6,,40,,-62.9,-18.7,-5,4.8,-22,,-22,-30.7,-6.7
2009Q2,-3.7,6.2,2.5,12.1,-6.7,-17,-2,-1.7,2.7,-3.2,-2.5,-4.2,-7.3,0.8,-14.8,,23.8,,124.9,-25.5,-4.7,7.4,0.6,,-13.3,-45.3,-5.8
2009Q3,-7.1,11.9,20.9,-1.7,-12.9,-27.4,-8.5,-10.2,-4,-12.4,-6.3,-7.3,-8.6,-5.2,-16.8,,5.9,,67.7,-14.3,-11.4,3.8,-0.5,,-39.2,-49.6,-12.8
2009Q4,-8.8,5.7,14.6,-8.7,-13.4,-23.5,-10.8,-11.7,-4.9,-14.2,-9.6,-7.5,-13.3,1.3,-18.2,17,105.2,,-84.9,-11.2,-4.3,4.2,-1.5,6,-35.9,-19.6,-5.1
2010Q1,-7.3,2.5,10.6,-11.3,-10.7,-20.2,-7.8,-7,-4.2,-8.1,-8.9,-9,-14.8,-0.5,-11.1,2.3,13,,-66.7,30.1,-1.9,1.2,-5.9,3.4,-72.5,-7.6,-16.5
2010Q2,-6.4,0,9.4,-16.9,-8.6,-14.3,-6.3,-4.4,-3.4,-4.8,-8.9,-12.1,-15.6,-7.2,-4.8,-5,-30.7,-11.6,-280.7,0.4,-11,-0.5,-24.7,7,28.3,20.8,2.2
2010Q3,0.3,12.8,21.4,-3.8,-4.2,-3.2,-4.8,-1.9,-3.7,-1.2,-8.8,-6.6,-11.5,0.2,2.5,-16.4,-4.3,6.7,24,-0.1,0.4,3.8,2.7,4.1,-18.1,27.3,0.9
2010Q4,0.6,8.9,13.9,-1.3,-2.4,-0.2,-3.5,1.1,-5.9,3.7,-9.9,-7.1,-7.9,-5.9,9,-18.5,-7.6,-0.1,261.1,6.1,1.9,5,-1.7,6.8,-12.1,9.8,0.7
2011Q1,-2.6,-2.8,-1.3,-6,-2.5,4.2,-5.9,-4.2,-6.5,-3.3,-8.4,-5.3,-4.7,-6.2,9.6,-15.6,70.8,-18.7,-18.5,-10.4,2.9,3.8,-6.7,6.7,-19.3,-31.6,2.2
2011Q2,-0.6,1.8,5.5,-6,-1.5,7.8,-7.7,-8.1,-6.3,-8.7,-7.1,0.4,0,0.9,13,-23,87.6,-5.8,16.9,2.8,9.9,9.8,8,10.4,-20,4.6,10.5
2011Q3,2.1,2.3,1.5,3.9,2.1,10.5,-2.1,0.6,-5.9,3,-6,-0.2,-0.6,0.3,12.6,-22.8,19,30.8,-281.9,0,3.8,9.5,-37.8,22.2,-14.4,24.6,5.7
2011Q4,4,5.2,5.7,3.9,3.6,10.3,0.6,4.1,-5.2,7.3,-4.4,-1.1,-3.5,2.1,13.8,-15.3,-7.2,26.5,22.3,0.3,3,3.1,-18.8,8.1,-8,5.5,2.9
2012Q1,4.5,9.9,12,5.3,2.4,10.7,-1.7,-0.9,-5.5,0.8,-3,0.6,-1.2,2.9,10.2,-14.8,-1.6,3.8,61.5,-11,2.1,5,-10.9,8.4,-13.2,3.2,0.9
2012Q2,3.7,6.1,10.8,-4.5,2.7,11.2,-0.8,-0.1,-6.3,2,-2,1,0.1,2.2,7.1,-19.3,-14.3,8.4,0,0.3,1.5,5.3,-3.1,7,-3.7,-3.8,2
2012Q3,4.9,9,9.7,7.3,3.3,12.4,0,0.6,-7.3,3.2,-1,0,-0.8,1.1,7.1,-16,-0.7,12.5,-3.3,-2.9,3.8,8.5,8.2,8.6,-1.1,-3.9,3.6
2012Q4,2.9,4.9,0.8,14.7,2,10.1,-0.7,-1.8,-9,0.5,1,1.2,0.6,2,0.5,-20.1,7.9,18.5,-11.8,-2.5,3.6,9.3,2.1,10.8,-4.3,-9.4,2.9
2013Q1,2.7,1.3,-2.2,9.3,3.2,8.7,-0.3,-1.8,-8.1,0.1,2.2,1.2,-0.2,2.9,12.1,-15.6,44.7,8.8,8.7,-6,7.4,6.3,8.6,5.9,3,-11.8,8.5
2013Q2,1,-2.6,-7.8,8.6,2.5,5.7,-0.8,-3.4,-10.2,-1.3,3.2,3,0.3,6.4,10.6,-15.5,42,-17.1,35.6,-12.4,4.8,4.7,-2.1,6.1,-6,-2.8,6.9
2013Q3,-0.7,-7.2,-12.1,3,1.8,5.8,-2.6,-7.8,-7.8,-7.9,5.2,2.2,-1.1,6.2,13.6,-17.8,50.9,-26.4,31.1,-10.3,5.4,5.9,10.7,4.9,-5,-31.6,7
2013Q4,3,0.8,-1.4,5.2,3.9,6.7,-0.3,-5.4,-7.3,-4.9,7.1,4.5,2.4,7.1,15.9,-16.9,47,-15.4,-60.6,-8.7,8.6,8.2,4.5,9,7.2,-17.5,8.7
2014Q1,5.8,5.5,7.2,2.2,5.9,13.3,1.7,-1.7,-6.1,-0.4,6.5,4.3,2.3,6.7,11.9,-18.1,16.2,3.9,-27.2,-0.3,7.2,7.6,11,7,7.5,-11.3,7.4
2014Q2,6.8,6.6,11,-2.4,6.9,12,3.5,1.2,-3.4,2.6,6.7,6.7,5,8.8,11,-11,12.7,27.4,9.1,1.7,8.1,7.7,8,7.7,22.2,-12.6,9
2014Q3,7,7.8,13.8,-4.5,6.7,11.1,2.8,-0.2,-4.1,0.9,6.8,5.4,3.8,7.2,15.8,-11.8,15.5,7.8,-19.6,0.1,8.1,4.9,-3.5,6.6,18.5,7.2,8.6
2014Q4,5.7,6,11,-4.8,5.6,9.6,1.7,-1.8,-2.5,-1.6,6.4,1.9,0.1,4.2,17.5,-11.1,2.7,-13.1,-39.4,7.8,4.9,4.8,7.2,4.3,8.8,32.9,4.4
2015Q1,10.9,11.1,15.1,2.2,10.8,12.9,8.6,2,-3.1,3.5,17.2,3.8,3.4,4.1,23.7,-8.5,-10.8,13,83.3,10.6,7.1,8.2,6,8.6,4.6,31.3,5.5
2015Q2,7.4,7.5,9.9,2,7.4,10.7,4.6,1.8,-5.1,3.7,8.1,6.1,5.3,7,13.1,-4.8,-13,1.2,-3.4,-8.9,2.1,3.3,-4.8,4.9,8.9,-26.2,2
2015Q3,5.3,1.1,3.4,-4.4,6.9,8.4,4.8,0.1,-5.9,1.7,10.7,6.9,6.8,7,11.2,0,-10.9,-10.4,-53.9,-3.6,1.2,4.5,3.2,4.8,-1.7,-17.4,1
2015Q4,6.3,3.9,6.4,-2,7.3,8.5,5.6,1.3,-2.8,2.4,10.8,7.6,7.1,8.2,10.5,-1.5,2.2,-4.3,40.2,-4.3,4.5,3.5,-2,4.5,13.7,-9.1,4
2016Q1,7.3,6.9,8.7,2.2,7.4,7.4,6.7,2.8,-5.4,5,11.2,7.6,6.5,8.8,10,0.9,-20.9,8.4,-9.1,5.7,2.5,3,-6.2,4.7,5.9,5.1,2.2
2016Q2,7,7.2,8.6,3.6,6.9,7.4,6.4,3.5,-6.4,6.1,9.7,7.5,7.1,7.9,6.9,6,1.4,-4,71,-0.5,5.2,6.5,-6.7,8.8,8.3,4.9,5.9
2016Q3,6.9,10.1,12.1,4.8,5.6,3.2,6.9,3.9,-6,6.5,10.2,6.8,6.4,7.3,4.3,1.8,-13.3,16.4,49.2,3.1,3.7,5.1,-16,8.7,4.3,5.3,3.7
2016Q4,5.1,5.6,9.2,-3.6,4.9,5.1,5.3,2.3,-10.4,5.4,8.6,5.5,5,6,2.6,2.4,-26.8,-10.2,-11.3,-1.7,-0.7,2.8,-16.4,5.9,-2.9,-23.1,-1.2
2017Q1,2.2,2.7,3.5,0.5,2.1,-1.7,3.5,-0.8,-9.6,1.3,8.2,4,3.8,4.2,1.5,1.2,16.7,-23.1,-8.7,-11.2,2.4,5.3,4,5.5,1.2,-35.6,2.6
2017Q2,2.8,2.6,3.1,1.4,2.8,-1.3,3.9,1.1,-4.5,2.4,6.9,2,2.9,1,7.5,-4.4,-2.5,16.4,-7.4,5.6,2.6,4.4,8.3,3.8,-1.4,12.7,2.4
2017Q3,3.3,0.6,2.2,-3.7,4.4,3.5,3.8,2.4,-7,4.6,5.2,4.2,5.7,2.4,8.2,0,12.8,23.2,6.1,2.8,5.2,3.9,7.2,3.3,13.7,-1.8,5
2017Q4,3.3,1,1.8,-1.3,4.2,3.7,3.3,2.9,-6.9,5.1,3.7,6.3,7.6,4.9,5.7,5,1.8,21.5,-7.5,5.3,3.7,3.8,3,3.9,1.3,-9.9,3.9
2018Q1,1.8,-2.1,-1.9,-2.5,3.2,1,3.9,2.7,-8.2,5,5.2,4.3,5,3.5,3.4,0.9,-18.7,24.7,0,-4.5,-1.1,1.4,-8.2,2.9,1.6,1.2,-0.3
2018Q2,2.7,-2.3,3.6,-18.7,4.5,6.8,3.4,2,-10.9,4.7,4.8,3.6,3.1,4.2,5.8,0.3,-24.6,27.6,59.3,5.2,-0.1,2.7,3.3,2.6,-11.2,0.9,-0.6
2018Q3,4.5,4.3,6,-0.6,4.5,6.9,3.3,2.2,-8.8,4.4,4.4,3.4,3.9,2.8,5.9,-2.9,-17,16.8,18.5,-7.6,1.1,3.7,12.8,2.4,-11.4,-6,0.8
2018Q4,4.7,2.9,6.3,-7.3,5.4,11.6,2.9,1.7,-6.3,3.3,4.2,4.7,4.6,4.9,4.2,-1.2,-23.1,61.2,-5.1,2.6,2.9,2.9,12,1.6,-0.3,15.2,2.3
2019Q1,6.5,10.1,15.3,-6.1,5.2,8.5,2.3,1.2,-8.2,3,3.5,3.9,3.1,4.9,10.5,4.1,-31,55.6,61.5,-3,3.2,4.9,15,3.4,-2.7,-9.2,3
2019Q2,5,9.6,12.5,0.3,3.2,-0.1,3.2,2.7,-9.6,5,3.7,6.3,4.3,8.6,5.7,0.9,-25.4,52,-124.4,-0.8,2.9,5.4,4.7,5.6,-4.6,1.3,1.8
2019Q3,6.7,11.6,16.1,-3.5,4.9,5.2,2.9,1.5,-8.9,3.4,4.4,6,4.2,8,9.4,-1.7,-11.2,7.9,-167.7,11.6,5.2,5.1,1.7,5.7,4.8,20.8,5
2019Q4,5.3,8.3,10.1,2.1,4.1,1,4.7,2.6,-9.5,4.6,6.9,4.3,2.2,6.8,7.1,1.5,14.1,-20.2,8.3,-1.2,4.4,8.1,11.3,7.6,-5,-0.3,4.5
2020Q1,6.8,8.1,8.6,6.4,6.3,8.9,3.7,1.6,-8.1,3.2,5.8,4.6,3.9,5.4,12.5,8.8,42.9,0,-19,22.8,11.3,10.4,-6.3,13.1,11,36.8,12.3
2020Q2,21.2,17.5,19.9,9.1,22.6,87.6,2.6,-0.2,-9.6,1.3,5.4,-18.2,-34.4,0.2,22.8,119.6,264.2,-21.6,-14.3,17.8,43.7,49.4,-16,59.5,-2.6,37.2,50.8
2020Q3,2.9,31,34.4,18.3,-7.7,-19.6,0.2,-2.1,-15,-0.1,2.5,-3.5,-11.1,4.4,-13.3,81.8,-36.9,78,-23.7,0.8,-1.5,11.2,-22.6,15.5,-46.8,-16.2,-2.1
2020Q4,1.7,20.3,21.9,14.4,-6.1,-23.5,-2,-6.3,-15.8,-4.8,2,0.6,-2.9,4.1,6.8,-0.2,25.7,-20.8,248.8,-1.8,4.1,7.8,-27.3,11.9,-14.7,-5.4,3.7
2021Q1,6.1,22.2,24.7,12.3,-1.2,-9.8,-0.1,-2.8,-15.8,-0.9,2.4,1.8,-3.3,6.8,7.5,-6.2,41.5,-59.4,-17.5,10.1,9.2,12.5,-14.9,15.4,-6,15.6,9.6
2021Q2,7.6,25.8,24.4,31.5,-1,-9.8,-1.9,-6,-17.6,-4.4,1.9,5.4,0.5,10.1,9.5,-41.2,55.3,-38.3,-168.5,1,13.6,15.1,-11,17.7,-2.1,-8.3,13.6
2021Q3,6.9,14.2,15.4,9.6,3.2,-13.9,4.2,1.8,-11.2,3.5,6.4,11.7,12.3,11,18.3,-36,25.2,-20.2,24.6,3,9.4,8.7,-4,9.8,-4.3,-1.6,9.3
2021Q4,10.9,17.8,18.9,13.3,7.3,2.4,6.4,6,-7.2,7.8,6.7,11.2,13,9.5,13.3,-19.5,0.4,3.3,-23.1,11.5,9,8.8,2.9,9.3,6,12,10.7
2022Q1,9.8,10.6,10.9,9.3,9.5,9.8,6.7,5,-5.6,6.3,8.2,11.6,14.1,9.4,14.4,-13.6,-31.9,-1.5,-115.8,5.6,1.7,4.7,-2.9,5.4,-9.8,-9.8,2.5
2022Q2,8,0.4,-0.6,4.3,12.1,16.3,9.4,9.5,-1.3,10.8,9.2,13.5,19.6,7.7,12.4,-10.6,-37.8,4.1,34.6,23.4,1.6,1.2,12.3,0.3,-3.3,27.3,1.9
